抓取时间,排名,关键词,热度,标签
2026-07-06 17:51:16,1,广西抗洪,756874,沸
2026-07-06 17:51:16,2,word删除空白页 义务教育,440404,
2026-07-06 17:51:16,3,暴雨天牢记这些保命知识,300043,
2026-07-06 17:51:16,4,詹姆斯 湖人,294569,
2026-07-06 17:51:16,5,LV胜诉敲响中国纹样版权保护警钟,288114,
2026-07-06 17:51:16,6,广西洪水 超话求助,246281,
2026-07-06 17:51:16,7,李柯以张翅 剧宣,246003,新
2026-07-06 17:51:16,8,广西灾情可能进一步扩大,239930,
2026-07-06 17:51:16,9,特朗普插手世界杯红牌,239778,
2026-07-06 17:51:16,10,真正的强大是敢于让别人不舒服,237761,
2026-07-06 17:51:16,11,LV被指垄断中国古纹样,235619,热
2026-07-06 17:51:16,12,七七事变89周年,232823,新
2026-07-06 17:51:16,13,字节 草地牛,231950,
2026-07-06 17:51:16,14,香蕉是世界上最善良的水果,230515,
2026-07-06 17:51:16,15,保洁阿姨在厕所吃饭景区连夜回应,228546,
2026-07-06 17:51:16,16,房租才是我生活拮据的罪魁祸首,227224,
2026-07-06 17:51:16,17,广西洪水,225095,
2026-07-06 17:51:16,18,C罗预测葡萄牙会获胜,222253,
2026-07-06 17:51:16,19,小猫抱冬瓜后遗症,221764,
2026-07-06 17:51:16,20,哈兰德连发5条中文动态,219760,
2026-07-06 17:51:16,21,魏晨和老婆拥抱会被儿子推开,217158,
2026-07-06 17:51:16,22,女儿不吃蛋黄妈妈摇匀鸡蛋再煮,215762,
2026-07-06 17:51:16,23,FIFA称巴洛贡暂缓停赛是参考C罗,214227,新
2026-07-06 17:51:16,24,曾舜晞抱孟子义的狗自拍,211218,
2026-07-06 17:51:16,25,世界杯,210346,
2026-07-06 17:51:16,26,比利时足协发表声明,207729,新
2026-07-06 17:51:16,27,高考699分女孩遭假冒卖货,206391,
2026-07-06 17:51:16,28,广西洪涝灾害致2人死亡,204741,
2026-07-06 17:51:16,29,功夫女足成本3.8亿,202825,
2026-07-06 17:51:16,30,哈兰德是我见过最搞笑的足球明星,200890,
2026-07-06 17:51:16,31,醪糟加牛奶放一放就可以做成冰酥酪,200080,
2026-07-06 17:51:16,32,以总理称印度是14亿人口小国,199992,
2026-07-06 17:51:16,33,虞书欣晒与陈靖可合照,199919,新
2026-07-06 17:51:16,34,小猫以为这是主人的猫砂,199834,新
2026-07-06 17:51:16,35,广西内涝求助,199732,
2026-07-06 17:51:16,36,上野中下辅录制,199633,
2026-07-06 17:51:16,37,广西南宁通报水库灾情,199551,新
2026-07-06 17:51:16,38,19岁大学生立遗嘱将所有财产赠发小,199419,
2026-07-06 17:51:16,39,EDG 撤离成功,199350,
2026-07-06 17:51:16,40,BW开票时间,199227,新
2026-07-06 17:51:16,41,杨有林死刑,199160,
2026-07-06 17:51:16,42,北京积水潭桥下沉通道火了,199056,新
2026-07-06 17:51:16,43,Codex批量自动剪辑工作流,199025,
2026-07-06 17:51:16,44,上海理工公布徐志摩成绩单,198939,
2026-07-06 17:51:16,45,TES连夜回国补强,198826,
2026-07-06 17:51:16,46,9岁女孩夸车被扇巴掌,198663,新
2026-07-06 17:51:16,47,美国队红牌引发全球二创热潮,198606,
2026-07-06 17:51:16,48,全新坦克300年轻人的潮流大玩具,198525,
2026-07-06 17:51:16,49,虞书欣就这么把脸伸过来了,198397,
2026-07-06 17:51:16,50,台风巴威登陆地点,198366,
2026-07-07 08:48:20,1,横州急需蛇毒血清有人被毒蛇咬伤,1475423,新
2026-07-07 08:48:20,2,LV胜诉暴露了中国文化确权时差,1404347,
2026-07-07 08:48:20,3,万千气象看陇原,1316213,
2026-07-07 08:48:20,4,七八九月千万不要离职,1237439,
2026-07-07 08:48:20,5,蜜雪冰城捐赠1000万驰援广西,1226753,新
2026-07-07 08:48:20,6,浙大校徽 阿玛尼,917093,热
2026-07-07 08:48:20,7,今日辟谣,519094,辟谣
2026-07-07 08:48:20,8,比利时官方嘲讽美国,454303,
2026-07-07 08:48:20,9,Claude被封 天才程序员陨落,453377,
2026-07-07 08:48:20,10,什么是隐性嫉妒,451180,
2026-07-07 08:48:20,11,LV不能挪用中式纹样反向起诉中企,448581,新
2026-07-07 08:48:20,12,鹿晗 关晓彤,446168,热
2026-07-07 08:48:20,13,六蓝水库漫堤缺口已稳定,444459,新
2026-07-07 08:48:20,14,金子涵发明星名单,441766,热
2026-07-07 08:48:20,15,陈思诚带女友阮巨土耳其游玩,438470,
2026-07-07 08:48:20,16,退钱哥谈C罗最后一舞落幕,436394,新
2026-07-07 08:48:20,17,花少8 审美降级,435551,
2026-07-07 08:48:20,18,野狗骨头 影视寒冬真正的夏天,431928,新
2026-07-07 08:48:20,19,日本品牌拿七七当七夕是何居心,429691,
2026-07-07 08:48:20,20,A股,428397,
2026-07-07 08:48:20,21,灿如繁星 教资在颤抖,426045,
2026-07-07 08:48:20,22,张馨予团队睡了她还在修图,423271,新
2026-07-07 08:48:20,23,骗子装警察恐吓小学生刷走2万元,420957,新
2026-07-07 08:48:20,24,DeepSeek面试,418074,
2026-07-07 08:48:20,25,黄羿早期 天选藤堂静,416318,
2026-07-07 08:48:20,26,北京暴雨,413854,新
2026-07-07 08:48:20,27,钟楚曦 我是最佳女主角配偶,411422,
2026-07-07 08:48:20,28,洪世贤家里的吊灯蜡烛是火腿肠,408153,
2026-07-07 08:48:20,29,洪水致养蛇场蛇逃出有眼镜蛇,406416,
2026-07-07 08:48:20,30,巨无霸台风可能登陆我国,404280,
2026-07-07 08:48:20,31,多地驰援广西,402223,新
2026-07-07 08:48:20,32,广西村民称已有10多人被蛇咬,400438,新
2026-07-07 08:48:20,33,邓为花少私服,396313,
2026-07-07 08:48:20,34,等退休是场巨大的骗局,394942,
2026-07-07 08:48:20,35,养殖场出逃蛇类约800至900条,391589,新
2026-07-07 08:48:20,36,养殖户称蛇出逃长时间泡水会死,391277,新
2026-07-07 08:48:20,37,难怪我北方的朋友不爱吃薄荷,387253,
2026-07-07 08:48:20,38,父亲总在莫名其妙的地方很大方,385852,
2026-07-07 08:48:20,39,王宝强带冯清参加婚礼,384314,
2026-07-07 08:48:20,40,广西内涝求助,380461,
2026-07-07 08:48:20,41,明星瘦都是有道理的,379351,
2026-07-07 08:48:20,42,压力全吃之人,377346,新
2026-07-07 08:48:20,43,台风,373894,
2026-07-07 08:48:20,44,米兰偶遇素颜关晓彤,372243,
2026-07-07 08:48:20,45,金子涵说自己最近几年身体很差,368907,新
2026-07-07 08:48:20,46,1TB固态硬盘涨至950元,367271,新
2026-07-07 08:48:20,47,DeepSeek有史以来最大规模招聘,365044,
2026-07-07 08:48:20,48,林屿森转场,361787,
2026-07-07 08:48:20,49,TF三代训练态度,359516,新
2026-07-07 08:48:20,50,A股三大板块异动拉升,358703,
2026-07-07 08:48:20,51,赵丽颖从来没有拍过第二部,354382,新
2026-07-07 16:44:08,1,阿根廷vs埃及,8127298,爆
2026-07-07 16:44:08,2,阿根廷点球被扑,1722405,新
2026-07-07 16:44:08,3,探访三江源,1303836,
2026-07-07 16:44:08,4,男子父母被卷至百米高空后遇难,1156070,新
2026-07-07 16:44:08,5,龙卷风,646170,
2026-07-07 16:44:08,6,台风巴威登陆地点或有变,634494,
2026-07-07 16:44:08,7,埃及率先破门,565976,新
2026-07-07 16:44:08,8,现在就出发4,521973,
2026-07-07 16:44:08,9,美股,399262,
2026-07-07 16:44:08,10,虞书欣张婧仪决战95花现偶之巅,372286,
2026-07-07 16:44:08,11,脱口秀唐香玉拒不道歉被强执,371663,热
2026-07-07 16:44:08,12,霉霉婚礼送了1200块卡地亚手表,371524,
2026-07-07 16:44:08,13,Jennie对于做女装的完全财神奶,370715,
2026-07-07 16:44:08,14,装了人工心脏想洗澡怎么办,367128,新
2026-07-07 16:44:08,15,广西灾情为什么严重,353095,
2026-07-07 16:44:08,16,49岁男子招嫖被骗90万气晕妻子,341237,新
2026-07-07 16:44:08,17,西班牙绝杀后C罗不断比手势,327570,
2026-07-07 16:44:08,18,微信能不能出一个临时好友功能,324119,
2026-07-07 16:44:08,19,阿根廷落后埃及,321436,新
2026-07-07 16:44:08,20,柳柳终于刚起来了,315412,新
2026-07-07 16:44:08,21,人一定要频繁大量记录自己,311779,
2026-07-07 16:44:08,22,广西的洪水很快要到广东了,307074,
2026-07-07 16:44:08,23,近视眼先享受世界,305763,
2026-07-07 16:44:08,24,阿根廷对阵埃及首发轮换,296856,
2026-07-07 16:44:08,25,大二女生贷款200万开民宿营收千万,287388,
2026-07-07 16:44:08,26,中国女子在日遭人为肢解弃尸,284638,新
2026-07-07 16:44:08,27,百花杀OST阵容,283846,
2026-07-07 16:44:08,28,张月飞行黄灿灿我家那闺女录制,276991,新
2026-07-07 16:44:08,29,日本49岁女子用针把室友嘴缝上,271874,
2026-07-07 16:44:08,30,papi酱迎来事业第n春,262605,
2026-07-07 16:44:08,31,男子被龙卷风吸走屋子几乎被掏空,262547,
2026-07-07 16:44:08,32,杨紫晒粉丝的信,212560,
2026-07-07 16:44:08,33,第一次见这样的张子枫,210315,
2026-07-07 16:44:08,34,苏醒说阿根廷不一定拿捏埃及,193348,新
2026-07-07 16:44:08,35,单依纯G社生图,192373,
2026-07-07 16:44:08,36,被龙卷风从12楼吸走男子最近情况,187709,新
2026-07-07 16:44:08,37,金子涵发明星名单,181323,
2026-07-07 16:44:08,38,订书机没想过会在外卖行业发光发热,178607,
2026-07-07 16:44:08,39,解放军抵达广西抗洪,167662,
2026-07-07 16:44:08,40,泰勒斯威夫特遭遇双重标准,165338,新
2026-07-07 16:44:08,41,王宝强冯清相恋八年仍未领证,165130,
2026-07-07 16:44:08,42,洛瑞退役,158733,
2026-07-07 16:44:08,43,请为广西镇龙乡扩散全乡仍失联,156144,新
2026-07-07 16:44:08,44,特朗普一通电话毁了美国队,155546,
2026-07-07 16:44:08,45,只有中国才能把年龄说得这么美,154552,
2026-07-07 16:44:08,46,亚洲股市全线跳水原因,153339,
2026-07-07 16:44:08,47,野狗骨头这段我真昏天地暗了,151841,
2026-07-07 16:44:08,48,网传曾沛慈歌手将补位,150200,
2026-07-07 16:44:08,49,研究称Claude有内部隐秘思考区,149057,
2026-07-07 16:44:08,50,虞书欣拍双轨和灿如繁星的时候,147896,
2026-07-08 13:18:53,1,台风,2955684,沸
2026-07-08 13:18:53,2,世界杯四分之一决赛门票暴跌近60%,1046790,
2026-07-08 13:18:53,3,9个台风天安全提醒,846057,新
2026-07-08 13:18:53,4,孟子义内娱人脉101,797611,新
2026-07-08 13:18:53,5,最新世界杯夺冠概率出炉,565086,新
2026-07-08 13:18:53,6,广西贵港12000名师生被困,562881,
2026-07-08 13:18:53,7,明显能感受到暑假工上班了,559963,
2026-07-08 13:18:53,8,孙颖莎蜡像入驻上海杜莎,559362,新
2026-07-08 13:18:53,9,广西贵港动物园总损失超400万,555862,新
2026-07-08 13:18:53,10,柳州消防在贵港成功转运多名儿童,553593,新
2026-07-08 13:18:53,11,关晓彤 鹿晗,550287,新
2026-07-08 13:18:53,12,金晨仍持续掉粉,547041,热
2026-07-08 13:18:53,13,一家三口被卷走身亡家属发声,545499,热
2026-07-08 13:18:53,14,功夫女足的观后感,541931,
2026-07-08 13:18:53,15,张真源发赔笑表情包,540820,新
2026-07-08 13:18:53,16,埃及教练向阿根廷运动员吐口水,538212,新
2026-07-08 13:18:53,17,陈靖可何与鱼男郎的自我修养,534199,新
2026-07-08 13:18:53,18,华为几乎把整本山海经都注册了,531367,
2026-07-08 13:18:53,19,特朗普要求全面切断与西班牙贸易,530755,新
2026-07-08 13:18:53,20,身体严重缺觉的8个迹象,527820,
2026-07-08 13:18:53,21,范丞丞方起诉司晓迪,523869,热
2026-07-08 13:18:53,22,印13岁女孩遭32人轮奸涉事酒店被拆,520566,
2026-07-08 13:18:53,23,丈夫杀害出轨妻子子女曾提交谅解书,518503,新
2026-07-08 13:18:53,24,李小冉这样不怪王濛陷进去,516784,
2026-07-08 13:18:53,25,G2战胜T1,514647,
2026-07-08 13:18:53,26,千万不要侧躺玩手机,511394,
2026-07-08 13:18:53,27,幼童被狗撕咬半天无路人上前帮忙,509061,新
2026-07-08 13:18:53,28,大司命新皮肤蝴蝶元素拉满了,504542,新
2026-07-08 13:18:53,29,张婧仪合作过最帅的男演员宋威龙,501858,
2026-07-08 13:18:53,30,看王俊凯演唱会机票打折,499749,
2026-07-08 13:18:53,31,恋与深空,497886,新
2026-07-08 13:18:53,32,世界杯,495139,新
2026-07-08 13:18:53,33,奔驰发布会,493274,新
2026-07-08 13:18:53,34,赵丽颖闺蜜暂代经纪人,491219,
2026-07-08 13:18:53,35,上海两只狗咬住一幼童拖行,487360,新
2026-07-08 13:18:53,36,大厂人的消费观好可怕,484592,
2026-07-08 13:18:53,37,周深宣传孟子义百花杀,481326,新
2026-07-08 13:18:53,38,当寂静的广西街头响起子弟兵口号,478326,新
2026-07-08 13:18:53,39,广西 血清,475535,
2026-07-08 13:18:53,40,哈兰德状态,475014,新
2026-07-08 13:18:53,41,家长求医生加班看牙痊愈后上门退费,471260,新
2026-07-08 13:18:53,42,纯电GLC太全面了,469810,新
2026-07-08 13:18:53,43,董思成退出NCT,467000,
2026-07-08 13:18:53,44,野狗骨头10.9%,464491,新
2026-07-08 13:18:53,45,曾和儿子换血美国富豪患不治之症,461800,
2026-07-08 13:18:53,46,功夫女足招商,459478,新
2026-07-08 13:18:53,47,恋与深空道歉自查自纠仍是将来时,454879,
2026-07-08 13:18:53,48,广西灾区现状,453476,
2026-07-08 13:18:53,49,阿根廷 脏,451446,
2026-07-08 13:18:53,50,台风巴威灾害风险高,448230,新
2026-07-09 17:06:50,1,台风巴威又改路线了,2156077,热
2026-07-09 17:06:50,2,正午阳光 警告函,793368,热
2026-07-09 17:06:50,3,贵港受困师生全部完成转移安置,718812,
2026-07-09 17:06:50,4,雅迪绝区零联动,716763,官宣
2026-07-09 17:06:50,5,李荣浩演唱会天津站取消,716509,新
2026-07-09 17:06:50,6,情侣接吻摔倒打翻火锅烫伤前排女孩,712256,热
2026-07-09 17:06:50,7,台风天吃到职场黑利了,704345,
2026-07-09 17:06:50,8,美团司南口腔榜发布,704238,首发
2026-07-09 17:06:50,9,超强台风巴威登陆区域锁定,701656,新
2026-07-09 17:06:50,10,武汉全市停学3天,600133,热
2026-07-09 17:06:50,11,晋江鞋厂火灾已致28死,505075,
2026-07-09 17:06:50,12,减肥减到没食欲了,486246,新
2026-07-09 17:06:50,13,福建火灾发生时鞋厂内共有239人,316217,新
2026-07-09 17:06:50,14,宋威龙赵今麦敢不敢二搭,278545,新
2026-07-09 17:06:50,15,晋江鞋厂负责人已被控制,261847,
2026-07-09 17:06:50,16,日本遗孤吃中国饭长大竟要做鬼,251215,
2026-07-09 17:06:50,17,KPL,250443,
2026-07-09 17:06:50,18,百花杀 九重紫,226515,
2026-07-09 17:06:50,19,TOP青岛演唱会抢票时间,190405,新
2026-07-09 17:06:50,20,女子霸占车位8天宁赔500也不愿道歉,161973,
2026-07-09 17:06:50,21,长沙德峰小区车位被占事件,161632,新
2026-07-09 17:06:50,22,妈妈被杀埋尸28年儿子吃百家饭长大,161362,新
2026-07-09 17:06:50,23,广西有村民抓了上百斤蛇,161066,新
2026-07-09 17:06:50,24,百花杀热度,160631,
2026-07-09 17:06:50,25,当救援航母驶入洪水校园,160326,新
2026-07-09 17:06:50,26,阿根廷帅气飞行教练突然跳机自杀,159964,
2026-07-09 17:06:50,27,00后任北大博导,159256,新
2026-07-09 17:06:50,28,黄冈一住户被龙卷吸走从11楼坠亡,158897,
2026-07-09 17:06:50,29,百花杀,158587,
2026-07-09 17:06:50,30,第38届百花奖提名名单,158325,
2026-07-09 17:06:50,31,上班可以带瓶牛奶,157638,
2026-07-09 17:06:50,32,BLG战胜HLE,157598,
2026-07-09 17:06:50,33,温网,157142,
2026-07-09 17:06:50,34,浙江将防台风应急响应调整为IV级,156791,
2026-07-09 17:06:50,35,宁波大学回应研究员被指孕期出轨,156086,
2026-07-09 17:06:50,36,京城大师赛,156030,
2026-07-09 17:06:50,37,Bin 兄弟们决赛也要加油,155263,
2026-07-09 17:06:50,38,台风巴威体型扩至约140万平方公里,155206,
2026-07-09 17:06:50,39,洪灾已致广西39死9失联,154620,
2026-07-09 17:06:50,40,薛之谦演唱会杭州站,154082,
2026-07-09 17:06:50,41,前妻被害28年男子因愧疚一直单身,153943,新
2026-07-09 17:06:50,42,儿子哭诉凶手花的钱是我妈妈命换的,153493,新
2026-07-09 17:06:50,43,德国华人性侵案受害者首次发声,152888,
2026-07-09 17:06:50,44,福建晋江鞋厂火灾现场直击,152667,新
2026-07-09 17:06:50,45,百花杀 大女主爽剧,152274,
2026-07-09 17:06:50,46,官方回应晋江鞋厂火灾,151992,
2026-07-09 17:06:50,47,救援航母已抵达广西贵港,151439,
2026-07-09 17:06:50,48,遭洪水突袭广西一家6口3人失联,151012,新
2026-07-09 17:06:50,49,超强台风巴威将进入48小时警戒线,150783,
2026-07-09 17:06:50,50,李斌回应自定义灯光代写热梗,150440,
2026-07-09 17:06:50,51,如何让SUV装载收纳更得体,149740,
2026-07-09 17:06:50,52,百花奖,149401,
2026-07-10 16:35:13,1,台风巴威位置,1806725,热
2026-07-10 16:35:13,2,歌手排名,971440,热
2026-07-10 16:35:13,3,广西贵港教育园区孤岛救援始末,948342,
2026-07-10 16:35:13,4,15万级合资燃油SUV颠覆者NX8上新,947686,上新
2026-07-10 16:35:13,5,周星驰口碑,937404,新
2026-07-10 16:35:13,6,北京全市已转移近10万人,808879,热
2026-07-10 16:35:13,7,台风巴威最新研判,746295,新
2026-07-10 16:35:13,8,别让谣言干扰抢险救灾,733875,辟谣
2026-07-10 16:35:13,9,白鹿每次憋哭就这样,608285,热
2026-07-10 16:35:13,10,微信红包转账有新变化,578321,
2026-07-10 16:35:13,11,建议大家不要失去打扮欲,458863,
2026-07-10 16:35:13,12,JDG空ban,354591,新
2026-07-10 16:35:13,13,黄晓明在田曦薇素人时期刷过礼物,353286,新
2026-07-10 16:35:13,14,霍思燕家的鸟又夺冠了,350411,热
2026-07-10 16:35:13,15,巴威预计12日凌晨登陆,349741,
2026-07-10 16:35:13,16,迪丽热巴这就是我呀,347456,
2026-07-10 16:35:13,17,宋承炫宣布得子,344225,
2026-07-10 16:35:13,18,台风天超市被剩下的方便面,340624,新
2026-07-10 16:35:13,19,宋威龙工作室有仙人吧,340173,新
2026-07-10 16:35:13,20,邓紫棋被歌手弹幕发现了行踪,337768,
2026-07-10 16:35:13,21,小米回应新车遭恶意抹黑,334733,新
2026-07-10 16:35:13,22,半导体设备新股暴涨1070%,331229,
2026-07-10 16:35:13,23,亚马尔每次进球都做同一个手势,330023,新
2026-07-10 16:35:13,24,多位演员无戏可演回家卖菜,327303,
2026-07-10 16:35:13,25,迪丽热巴大腿肌踢成巨肌了,324988,
2026-07-10 16:35:13,26,会打扮是被严重低估的能力,323217,
2026-07-10 16:35:13,27,巴威台风眼消失,320827,新
2026-07-10 16:35:13,28,昀牵孟绕,317334,
2026-07-10 16:35:13,29,台风巴威预计12日凌晨登陆,315923,
2026-07-10 16:35:13,30,突然意识到没必要焦虑,314408,
2026-07-10 16:35:13,31,耳帝 胡彦斌唱得最不好的一次,301919,新
2026-07-10 16:35:13,32,爱尔兰瑞安航空客机飞行中舷窗炸裂,301825,
2026-07-10 16:35:13,33,孟子义李昀锐你俩在娇羞啥,301762,
2026-07-10 16:35:13,34,儿子出轨后婆婆上门硬刚替儿媳讨说法,293254,
2026-07-10 16:35:13,35,功夫女足,260991,
2026-07-10 16:35:13,36,万妮达淘汰,244750,
2026-07-10 16:35:13,37,28省份实现生娃基本不花钱,230208,新
2026-07-10 16:35:13,38,李钟硕IU宣布分手,224315,
2026-07-10 16:35:13,39,曝易易紫虞书欣疑似因男生闹掰,222551,
2026-07-10 16:35:13,40,挪威进八强 哈兰德让鲁尼兑现承诺,217670,
2026-07-10 16:35:13,41,火灾鞋厂楼顶蓄水池打捞出多具遗体,217028,
2026-07-10 16:35:13,42,薛之谦演唱会,207099,
2026-07-10 16:35:13,43,刘惜君淘汰,203149,
2026-07-10 16:35:13,44,无畏 燃尽,198039,新
2026-07-10 16:35:13,45,陈楚生庙堂之外,192434,新
2026-07-10 16:35:13,46,范志毅说亚马尔必须要尊重C罗,186630,新
2026-07-10 16:35:13,47,女子遭大狗撕咬20秒狂犬病三级暴露,183170,
2026-07-10 16:35:13,48,功夫女足票房表现,182715,
2026-07-10 16:35:13,49,小米澎程通过申报,170834,
2026-07-10 16:35:13,50,A股回落原因,170030,
2026-07-10 16:35:13,51,剧毒银环蛇随洪水闯入村民家抽屉,169891,
2026-07-10 16:35:13,52,冉莹颖自曝处在丧偶式婚姻,163967,新
2026-07-11 11:32:29,1,巴威最新位置,4684558,热
2026-07-11 11:32:29,2,长沙市体育局干部彭某某被停职,2000168,
2026-07-11 11:32:29,3,你要知道的防汛知识点,985077,
2026-07-11 11:32:29,4,京东邀您一起看周星驰功夫女足,848418,官宣
2026-07-11 11:32:29,5,台风,615727,
2026-07-11 11:32:29,6,上海已转移3.4万人,570742,新
2026-07-11 11:32:29,7,巴威登陆地点有变,439690,
2026-07-11 11:32:29,8,安某编造传播涉中公教育虚假信息,439145,辟谣
2026-07-11 11:32:29,9,巴威,385109,
2026-07-11 11:32:29,10,长沙通报体育局干部占车位事件,383740,
2026-07-11 11:32:29,11,HLE狂送不止,382834,新
2026-07-11 11:32:29,12,HLE对战LYON,380683,新
2026-07-11 11:32:29,13,台风巴威登陆时间或提前,379500,新
2026-07-11 11:32:29,14,主持人林海说星爷不欠你了好难看,377619,热
2026-07-11 11:32:29,15,长沙体育局彭某某被停职,375530,新
2026-07-11 11:32:29,16,Jennie神图诞生了,374072,热
2026-07-11 11:32:29,17,周星驰官宣星女郎雪野,371910,热
2026-07-11 11:32:29,18,日媒拆台日本火箭只飞了11米,370937,
2026-07-11 11:32:29,19,张小斐演技,369141,新
2026-07-11 11:32:29,20,北京9区市民非必要不外出,366624,新
2026-07-11 11:32:29,21,杀前女友男子称凭什么她过得比我好,364839,新
2026-07-11 11:32:29,22,发现中指的握笔茧消失了,363674,新
2026-07-11 11:32:29,23,段奥娟这么瘦了,360871,新
2026-07-11 11:32:29,24,正常的性生活频率是多少,360152,
2026-07-11 11:32:29,25,台风巴威或将提前登陆,358330,新
2026-07-11 11:32:29,26,纽约前辉瑞大楼承重柱弯曲如面条,357105,
2026-07-11 11:32:29,27,迪丽热巴回复周星驰的情商,355299,
2026-07-11 11:32:29,28,董思成微博改名,352741,
2026-07-11 11:32:29,29,斗破苍穹停更七周,351813,新
2026-07-11 11:32:29,30,刘宇宁你怎么忍住不笑的,349884,新
2026-07-11 11:32:29,31,穆祉丞常州演唱会,348273,新
2026-07-11 11:32:29,32,孟子义干什么都不忘章若楠,345678,新
2026-07-11 11:32:29,33,第一次报道台风巴威记者吓懵了,345034,新
2026-07-11 11:32:29,34,台风逼近温州雁荡山瀑布倒流,342461,
2026-07-11 11:32:29,35,内马尔度假遭痛批,340650,
2026-07-11 11:32:29,36,小米澎程起售价预测,338933,新
2026-07-11 11:32:29,37,金鹤龙给白鹿化了一整季跑男,336551,
2026-07-11 11:32:29,38,功夫女足三观,335408,
2026-07-11 11:32:29,39,5年不上班的真实感受,334698,新
2026-07-11 11:32:29,40,孩子发烧邹市明在房间里打游戏,332166,新
2026-07-11 11:32:29,41,雀骨开播,331276,新
2026-07-11 11:32:29,42,台风巴威又睁眼了,329366,
2026-07-11 11:32:29,43,时代少年团新歌预告,326191,新
2026-07-11 11:32:29,44,曝浪姐七公队长范玮琪李小冉,325056,
2026-07-11 11:32:29,45,妈妈回应16岁儿子拍门玩闹遭捅杀,323795,
2026-07-11 11:32:29,46,哈兰德外网最火恶搞视频,321956,
2026-07-11 11:32:29,47,朝鲜通报腐败犯罪,319604,
2026-07-11 11:32:29,48,小米澎程续航,318492,
2026-07-11 11:32:29,49,浪姐七公歌单,315776,新
2026-07-11 11:32:29,50,上海台风,314610,新
2026-07-11 11:32:29,51,世界杯四强已确定两席,312220,
2026-07-11 11:32:29,52,巴威或提前登陆,310704,新
